SensorID,Temperatura,Humedad,Tiempo,FechaLectura
1,26.8,56.3,1037,2025-10-29 13:23:32
2,27.3,55.2,1038,2025-10-29 13:23:32
3,0.0,0.0,1053,2025-10-29 13:23:32
1,26.8,56.8,3092,2025-10-29 13:23:34
2,27.3,55.0,3093,2025-10-29 13:23:34
3,27.2,54.9,3093,2025-10-29 13:23:34
1,26.8,56.8,5127,2025-10-29 13:23:36
2,27.3,55.0,5127,2025-10-29 13:23:36
3,27.2,54.7,5128,2025-10-29 13:23:36
1,26.9,56.5,7161,2025-10-29 13:23:38
2,27.3,54.9,7162,2025-10-29 13:23:38
3,27.2,54.7,7163,2025-10-29 13:23:38
1,26.8,56.4,9197,2025-10-29 13:23:40
2,27.3,55.0,9198,2025-10-29 13:23:40
3,27.2,55.0,9199,2025-10-29 13:23:40
1,26.8,56.4,11232,2025-10-29 13:23:42
2,27.3,55.0,11233,2025-10-29 13:23:42
3,27.2,54.8,11234,2025-10-29 13:23:42
1,26.9,56.5,13267,2025-10-29 13:23:44
2,27.3,54.7,13268,2025-10-29 13:23:44
3,27.2,54.8,13270,2025-10-29 13:23:44
1,26.9,56.5,15303,2025-10-29 13:23:46
2,27.3,55.2,15304,2025-10-29 13:23:46
3,27.2,54.7,15305,2025-10-29 13:23:46
1,26.9,56.5,17338,2025-10-29 13:23:48
2,27.3,55.2,17339,2025-10-29 13:23:48
3,27.2,54.7,17340,2025-10-29 13:23:48
1,26.9,56.3,19373,2025-10-29 13:23:50
2,27.3,55.1,19374,2025-10-29 13:23:50
3,27.2,54.7,19375,2025-10-29 13:23:50
1,26.9,56.3,21408,2025-10-29 13:23:52
2,27.3,55.1,21409,2025-10-29 13:23:52
3,27.2,54.7,21410,2025-10-29 13:23:52
1,26.9,56.3,23444,2025-10-29 13:23:54
2,27.3,55.1,23445,2025-10-29 13:23:54
3,27.3,54.8,23446,2025-10-29 13:23:54
1,26.9,56.2,25479,2025-10-29 13:23:56
2,27.3,55.1,25480,2025-10-29 13:23:56
3,27.3,54.8,25481,2025-10-29 13:23:56
1,26.9,56.1,27513,2025-10-29 13:23:58
2,27.3,55.1,27514,2025-10-29 13:23:58
3,27.3,54.7,27515,2025-10-29 13:23:58
1,26.9,56.1,29549,2025-10-29 13:24:00
2,27.3,55.1,29550,2025-10-29 13:24:00
3,27.3,54.6,29551,2025-10-29 13:24:00
1,26.9,56.2,31585,2025-10-29 13:24:02
2,27.3,55.0,31586,2025-10-29 13:24:02
3,27.3,54.6,31587,2025-10-29 13:24:02
1,26.9,56.2,33619,2025-10-29 13:24:04
2,27.3,55.0,33620,2025-10-29 13:24:04
3,27.3,54.5,33622,2025-10-29 13:24:05
1,26.9,56.2,35654,2025-10-29 13:24:07
2,27.3,55.0,35655,2025-10-29 13:24:07
3,27.3,54.7,35656,2025-10-29 13:24:07
SensorID,Temperatura,Humedad,Tiempo,FechaLectura
SensorID,Temperatura,Humedad,Tiempo,FechaLectura
1,0.0,0.0,1035,2025-10-29 13:35:12
2,0.0,0.0,1036,2025-10-29 13:35:12
3,27.7,54.9,1050,2025-10-29 13:35:12
1,27.4,56.4,3089,2025-10-29 13:35:14
2,27.6,55.6,3089,2025-10-29 13:35:14
3,27.7,54.9,3090,2025-10-29 13:35:14
1,27.4,56.6,5124,2025-10-29 13:35:16
2,27.6,55.4,5125,2025-10-29 13:35:17
3,27.7,55.0,5126,2025-10-29 13:35:17
SensorID,Temperatura,Humedad,Tiempo,FechaLectura
1,27.4,56.6,7159,2025-10-29 13:35:19
2,27.6,55.4,7160,2025-10-29 13:35:19
3,27.7,55.0,7161,2025-10-29 13:35:19
1,27.4,56.7,9194,2025-10-29 13:35:21
2,27.6,55.5,9195,2025-10-29 13:35:21
3,27.7,55.1,9195,2025-10-29 13:35:21
1,27.4,56.7,11229,2025-10-29 13:35:23
2,27.6,55.4,11230,2025-10-29 13:35:23
3,27.7,55.0,11231,2025-10-29 13:35:23
1,27.4,56.7,13263,2025-10-29 13:35:25
2,27.6,55.4,13264,2025-10-29 13:35:25
3,27.7,55.0,13265,2025-10-29 13:35:25
1,27.4,56.7,15298,2025-10-29 13:35:27
2,27.6,55.4,15299,2025-10-29 13:35:27
3,27.7,54.9,15299,2025-10-29 13:35:27
1,27.4,56.6,17332,2025-10-29 13:35:29
2,27.6,55.5,17333,2025-10-29 13:35:29
3,27.7,55.0,17334,2025-10-29 13:35:29
1,27.4,56.6,19366,2025-10-29 13:35:31
2,27.6,55.5,19367,2025-10-29 13:35:31
3,27.7,55.0,19368,2025-10-29 13:35:31
1,27.4,56.5,21401,2025-10-29 13:35:33
2,27.6,55.8,21402,2025-10-29 13:35:33
3,27.6,55.0,21402,2025-10-29 13:35:33
1,27.5,56.4,23436,2025-10-29 13:35:35
2,27.6,55.7,23436,2025-10-29 13:35:35
3,27.7,55.1,23437,2025-10-29 13:35:35
SensorID,Temperatura,Humedad,Tiempo,FechaLectura
1,27.4,56.4,1037,2025-10-29 13:36:08
2,27.6,55.6,1038,2025-10-29 13:36:08
3,27.7,54.7,1056,2025-10-29 13:36:08
1,27.4,56.4,3095,2025-10-29 13:36:10
2,27.6,55.6,3096,2025-10-29 13:36:10
3,27.7,54.7,3097,2025-10-29 13:36:10
1,27.4,56.1,5130,2025-10-29 13:36:12
2,27.6,55.5,5131,2025-10-29 13:36:12
3,27.7,54.5,5131,2025-10-29 13:36:12
SensorID,Temperatura,Humedad,Tiempo,FechaLectura
1,27.4,56.1,7163,2025-10-29 13:36:14
2,27.6,55.5,7164,2025-10-29 13:36:14
3,27.7,54.7,7165,2025-10-29 13:36:14
1,27.4,56.1,9199,2025-10-29 13:36:16
2,27.6,55.4,9200,2025-10-29 13:36:16
3,27.7,54.7,9201,2025-10-29 13:36:16
1,27.4,56.0,11234,2025-10-29 13:36:18
2,27.6,55.5,11235,2025-10-29 13:36:18
3,27.7,54.6,11236,2025-10-29 13:36:18
1,27.4,56.0,13270,2025-10-29 13:36:20
2,27.6,55.5,13271,2025-10-29 13:36:20
3,27.7,54.7,13272,2025-10-29 13:36:20
1,27.5,56.1,15305,2025-10-29 13:36:22
2,27.6,55.2,15306,2025-10-29 13:36:22
3,27.7,54.7,15307,2025-10-29 13:36:22
1,27.4,56.1,17341,2025-10-29 13:36:24
2,27.6,55.3,17342,2025-10-29 13:36:24
3,27.7,54.5,17343,2025-10-29 13:36:24
1,27.5,56.0,19376,2025-10-29 13:36:26
2,27.6,55.3,19377,2025-10-29 13:36:26
3,27.7,54.7,19378,2025-10-29 13:36:26
1,27.5,56.0,21411,2025-10-29 13:36:28
2,27.6,55.0,21412,2025-10-29 13:36:28
3,27.7,54.7,21413,2025-10-29 13:36:28
1,27.5,56.1,23447,2025-10-29 13:36:30
2,27.6,55.1,23448,2025-10-29 13:36:30
3,27.7,54.7,23449,2025-10-29 13:36:30
1,27.4,56.2,25483,2025-10-29 13:36:32
2,27.6,55.1,25484,2025-10-29 13:36:32
3,27.7,54.8,25485,2025-10-29 13:36:32
1,27.4,56.2,27517,2025-10-29 13:36:34
2,27.6,55.0,27518,2025-10-29 13:36:34
3,27.7,54.8,27520,2025-10-29 13:36:34
1,27.5,56.1,29553,2025-10-29 13:36:37
2,27.6,55.1,29554,2025-10-29 13:36:37
3,27.8,54.7,29555,2025-10-29 13:36:37
1,27.5,56.2,31589,2025-10-29 13:36:39
2,27.6,55.0,31590,2025-10-29 13:36:39
3,27.7,54.6,31591,2025-10-29 13:36:39
1,27.5,56.2,33624,2025-10-29 13:36:41
2,27.6,55.0,33625,2025-10-29 13:36:41
3,27.7,54.6,33626,2025-10-29 13:36:41
1,27.5,56.3,35658,2025-10-29 13:36:43
2,27.6,55.2,35659,2025-10-29 13:36:43
3,27.8,54.6,35660,2025-10-29 13:36:43
1,27.4,56.2,37694,2025-10-29 13:36:45
2,27.6,55.2,37695,2025-10-29 13:36:45
3,27.7,54.8,37696,2025-10-29 13:36:45
1,27.4,56.2,39730,2025-10-29 13:36:47
2,27.6,55.2,39731,2025-10-29 13:36:47
3,27.7,54.8,39732,2025-10-29 13:36:47
1,27.5,56.3,41764,2025-10-29 13:36:49
2,27.6,55.1,41765,2025-10-29 13:36:49
3,27.7,54.5,41765,2025-10-29 13:36:49
1,27.5,56.2,43799,2025-10-29 13:36:51
2,27.6,55.2,43800,2025-10-29 13:36:51
3,27.8,54.6,43801,2025-10-29 13:36:51
1,27.5,56.2,45835,2025-10-29 13:36:53
2,27.6,55.2,45836,2025-10-29 13:36:53
3,27.8,54.6,45837,2025-10-29 13:36:53
1,27.5,56.3,47869,2025-10-29 13:36:55
2,27.6,55.3,47870,2025-10-29 13:36:55
3,27.7,54.7,47872,2025-10-29 13:36:55
1,27.5,55.9,49904,2025-10-29 13:36:57
2,27.5,55.1,49905,2025-10-29 13:36:57
3,27.7,54.5,49905,2025-10-29 13:36:57
1,27.5,55.9,51939,2025-10-29 13:36:59
2,27.5,55.1,51940,2025-10-29 13:36:59
3,27.7,54.5,51941,2025-10-29 13:36:59
1,27.5,55.9,53975,2025-10-29 13:37:01
2,27.6,55.1,53976,2025-10-29 13:37:01
3,27.8,54.6,53977,2025-10-29 13:37:01
SensorID,Temperatura,Humedad,Tiempo,FechaLectura
1,27.4,55.6,1037,2025-10-29 13:40:31
2,0.0,0.0,1038,2025-10-29 13:40:31
3,27.7,54.1,1053,2025-10-29 13:40:31
1,27.4,55.7,3092,2025-10-29 13:40:33
2,27.6,55.3,3093,2025-10-29 13:40:33
3,27.7,53.9,3093,2025-10-29 13:40:33
1,27.4,55.7,5126,2025-10-29 13:40:35
2,27.6,54.9,5127,2025-10-29 13:40:35
3,27.7,53.9,5128,2025-10-29 13:40:35
1,27.4,55.6,7161,2025-10-29 13:40:37
2,27.6,55.0,7162,2025-10-29 13:40:37
3,27.6,54.2,7163,2025-10-29 13:40:37
1,27.4,55.5,9197,2025-10-29 13:40:39
2,27.6,55.0,9198,2025-10-29 13:40:39
3,27.7,54.3,9199,2025-10-29 13:40:39
1,27.4,55.5,11232,2025-10-29 13:40:41
2,27.6,55.0,11233,2025-10-29 13:40:41
3,27.7,54.3,11234,2025-10-29 13:40:41
SensorID,Temperatura,Humedad,Tiempo,FechaLectura
1,27.4,55.5,13267,2025-10-29 13:40:43
2,27.6,55.0,13268,2025-10-29 13:40:43
3,27.7,54.2,13270,2025-10-29 13:40:43
1,27.4,55.7,15303,2025-10-29 13:40:45
2,27.6,55.0,15304,2025-10-29 13:40:45
3,27.7,54.3,15305,2025-10-29 13:40:45
1,27.4,55.7,17338,2025-10-29 13:40:47
2,27.6,55.0,17339,2025-10-29 13:40:47
3,27.7,54.3,17340,2025-10-29 13:40:47
1,27.4,55.5,19373,2025-10-29 13:40:49
2,27.5,54.8,19374,2025-10-29 13:40:49
3,27.7,54.3,19375,2025-10-29 13:40:49
1,27.4,55.8,21408,2025-10-29 13:40:51
2,27.5,54.8,21409,2025-10-29 13:40:51
3,27.7,54.2,21410,2025-10-29 13:40:51
1,27.4,55.8,23443,2025-10-29 13:40:53
2,27.6,55.0,23444,2025-10-29 13:40:53
3,27.7,54.2,23445,2025-10-29 13:40:53
1,27.4,55.7,25478,2025-10-29 13:40:55
2,27.6,55.2,25479,2025-10-29 13:40:55
3,27.6,54.3,25479,2025-10-29 13:40:55
1,27.4,55.7,27512,2025-10-29 13:40:57
2,27.6,55.2,27513,2025-10-29 13:40:57
3,27.6,54.3,27514,2025-10-29 13:40:57
1,27.4,55.7,29547,2025-10-29 13:40:59
2,27.5,55.0,29548,2025-10-29 13:40:59
3,27.6,54.3,29549,2025-10-29 13:40:59
1,27.4,55.7,31582,2025-10-29 13:41:01
2,27.5,55.8,31583,2025-10-29 13:41:02
3,27.6,54.3,31584,2025-10-29 13:41:02
1,27.4,55.7,33616,2025-10-29 13:41:04
2,27.5,55.5,33617,2025-10-29 13:41:04
3,27.7,54.3,33617,2025-10-29 13:41:04
1,27.4,55.7,35651,2025-10-29 13:41:06
2,27.5,55.5,35652,2025-10-29 13:41:06
3,27.7,54.3,35653,2025-10-29 13:41:06
1,27.4,55.7,37686,2025-10-29 13:41:08
2,27.5,55.2,37687,2025-10-29 13:41:08
3,27.7,54.4,37688,2025-10-29 13:41:08
1,27.4,55.8,39720,2025-10-29 13:41:10
2,27.5,55.2,39721,2025-10-29 13:41:10
3,27.6,54.5,39721,2025-10-29 13:41:10
1,27.4,55.8,41755,2025-10-29 13:41:12
2,27.5,55.2,41756,2025-10-29 13:41:12
3,27.6,54.5,41756,2025-10-29 13:41:12
1,27.4,55.8,43790,2025-10-29 13:41:14
2,27.5,55.3,43791,2025-10-29 13:41:14
3,27.7,54.5,43792,2025-10-29 13:41:14
1,27.4,55.6,45825,2025-10-29 13:41:16
2,27.5,55.2,45826,2025-10-29 13:41:16
3,27.6,54.5,45827,2025-10-29 13:41:16
1,27.4,55.6,47859,2025-10-29 13:41:18
2,27.5,55.2,47860,2025-10-29 13:41:18
3,27.6,54.5,47861,2025-10-29 13:41:18
1,27.4,55.6,49894,2025-10-29 13:41:20
2,27.5,55.2,49895,2025-10-29 13:41:20
3,27.7,54.6,49895,2025-10-29 13:41:20
SensorID,Temperatura,Humedad,Tiempo,FechaLectura
1,0.0,0.0,1037,2025-10-29 13:44:50
2,27.4,54.9,1038,2025-10-29 13:44:50
3,27.7,54.3,1053,2025-10-29 13:44:50
1,27.4,55.4,3092,2025-10-29 13:44:52
2,27.4,54.9,3093,2025-10-29 13:44:52
3,27.7,54.2,3093,2025-10-29 13:44:52
1,27.4,55.3,5126,2025-10-29 13:44:54
2,27.4,54.9,5127,2025-10-29 13:44:54
3,27.7,54.2,5128,2025-10-29 13:44:54
1,27.4,55.3,7161,2025-10-29 13:44:56
2,27.4,55.2,7162,2025-10-29 13:44:56
3,27.7,54.2,7163,2025-10-29 13:44:56
1,27.4,55.6,9197,2025-10-29 13:44:58
2,27.4,55.2,9198,2025-10-29 13:44:58
3,27.7,54.3,9199,2025-10-29 13:44:59
1,27.4,55.7,11232,2025-10-29 13:45:01
2,27.4,55.2,11233,2025-10-29 13:45:01
3,27.7,54.3,11234,2025-10-29 13:45:01
1,27.4,55.7,13267,2025-10-29 13:45:03
2,27.4,55.2,13268,2025-10-29 13:45:03
3,27.7,54.3,13270,2025-10-29 13:45:03
1,27.4,55.7,15302,2025-10-29 13:45:05
2,27.4,55.3,15303,2025-10-29 13:45:05
3,27.6,54.4,15304,2025-10-29 13:45:05
1,27.4,55.7,17337,2025-10-29 13:45:07
2,27.4,55.3,17338,2025-10-29 13:45:07
3,27.7,54.3,17338,2025-10-29 13:45:07
1,27.4,55.7,19372,2025-10-29 13:45:09
2,27.4,55.3,19373,2025-10-29 13:45:09
3,27.7,54.3,19374,2025-10-29 13:45:09
1,27.4,55.9,21406,2025-10-29 13:45:11
2,27.4,55.3,21407,2025-10-29 13:45:11
3,27.6,54.4,21408,2025-10-29 13:45:11
1,27.4,55.6,23441,2025-10-29 13:45:13
2,27.4,55.3,23442,2025-10-29 13:45:13
3,27.7,54.0,23442,2025-10-29 13:45:13
1,27.4,55.6,25476,2025-10-29 13:45:15
2,27.4,55.0,25476,2025-10-29 13:45:15
3,27.7,54.0,25477,2025-10-29 13:45:15
1,27.4,56.0,27510,2025-10-29 13:45:17
2,27.4,55.2,27511,2025-10-29 13:45:17
3,27.6,54.2,27512,2025-10-29 13:45:17
1,27.4,55.5,29545,2025-10-29 13:45:19
2,27.4,55.2,29546,2025-10-29 13:45:19
3,27.7,54.1,29547,2025-10-29 13:45:19
1,27.4,55.5,31580,2025-10-29 13:45:21
2,27.4,55.0,31581,2025-10-29 13:45:21
3,27.7,54.1,31581,2025-10-29 13:45:21
1,27.4,55.4,33613,2025-10-29 13:45:23
2,27.4,55.2,33614,2025-10-29 13:45:23
3,27.6,54.1,33615,2025-10-29 13:45:23
1,27.4,55.4,35648,2025-10-29 13:45:25
2,27.4,55.2,35649,2025-10-29 13:45:25
3,27.6,54.0,35650,2025-10-29 13:45:25
1,27.4,55.4,37683,2025-10-29 13:45:27
2,27.4,55.1,37684,2025-10-29 13:45:27
3,27.6,54.0,37684,2025-10-29 13:45:27
1,27.4,55.5,39717,2025-10-29 13:45:29
2,27.4,55.1,39717,2025-10-29 13:45:29
3,27.6,54.1,39718,2025-10-29 13:45:29
1,27.3,55.5,41752,2025-10-29 13:45:31
2,27.4,55.1,41753,2025-10-29 13:45:31
3,27.6,54.1,41754,2025-10-29 13:45:31
1,27.3,55.5,43787,2025-10-29 13:45:34
2,27.4,55.0,43788,2025-10-29 13:45:34
3,27.6,54.1,43788,2025-10-29 13:45:34
1,27.4,55.6,45821,2025-10-29 13:45:36
2,27.4,55.0,45821,2025-10-29 13:45:36
3,27.6,54.0,45822,2025-10-29 13:45:36
1,27.3,55.4,47855,2025-10-29 13:45:38
2,27.4,55.0,47856,2025-10-29 13:45:38
3,27.6,54.0,47857,2025-10-29 13:45:38
1,27.3,55.4,49891,2025-10-29 13:45:40
2,27.3,54.9,49892,2025-10-29 13:45:40
3,27.6,54.0,49893,2025-10-29 13:45:40
1,27.3,55.4,51926,2025-10-29 13:45:42
2,27.4,55.4,51927,2025-10-29 13:45:42
3,27.5,54.0,51927,2025-10-29 13:45:42
1,27.3,55.4,53960,2025-10-29 13:45:44
2,27.4,55.4,53960,2025-10-29 13:45:44
3,27.6,54.0,53961,2025-10-29 13:45:44
1,27.3,55.4,55995,2025-10-29 13:45:46
2,27.4,55.7,55996,2025-10-29 13:45:46
3,27.6,54.0,55997,2025-10-29 13:45:46
1,27.3,55.4,58031,2025-10-29 13:45:48
2,27.4,55.5,58032,2025-10-29 13:45:48
3,27.6,53.9,58033,2025-10-29 13:45:48
1,27.3,55.5,60065,2025-10-29 13:45:50
2,27.3,55.1,60066,2025-10-29 13:45:50
3,27.6,53.7,60066,2025-10-29 13:45:50
1,27.3,55.5,62100,2025-10-29 13:45:52
2,27.3,55.1,62100,2025-10-29 13:45:52
3,27.6,53.7,62101,2025-10-29 13:45:52
1,27.3,55.7,64135,2025-10-29 13:45:54
2,27.4,55.0,64136,2025-10-29 13:45:54
3,27.6,54.1,64137,2025-10-29 13:45:54
1,27.3,55.7,66170,2025-10-29 13:45:56
2,27.3,55.2,66171,2025-10-29 13:45:56
3,27.5,54.3,66172,2025-10-29 13:45:56
1,27.3,55.7,68205,2025-10-29 13:45:58
2,27.3,55.2,68205,2025-10-29 13:45:58
3,27.5,54.3,68206,2025-10-29 13:45:58
1,27.3,55.4,70240,2025-10-29 13:46:00
2,27.4,55.2,70241,2025-10-29 13:46:00
3,27.5,54.2,70242,2025-10-29 13:46:00
1,27.2,55.5,72275,2025-10-29 13:46:02
2,27.4,55.2,72276,2025-10-29 13:46:02
3,27.5,53.9,72278,2025-10-29 13:46:02
1,27.2,55.6,74311,2025-10-29 13:46:04
2,27.4,55.2,74312,2025-10-29 13:46:04
3,27.5,53.9,74313,2025-10-29 13:46:04
1,27.2,55.6,76346,2025-10-29 13:46:06
2,27.4,55.2,76346,2025-10-29 13:46:06
3,27.5,54.0,76347,2025-10-29 13:46:06
1,27.2,55.6,78380,2025-10-29 13:46:08
2,27.4,55.1,78381,2025-10-29 13:46:08
3,27.5,54.1,78382,2025-10-29 13:46:08
1,27.2,55.8,80415,2025-10-29 13:46:10
2,27.4,55.1,80416,2025-10-29 13:46:10
3,27.5,54.1,80417,2025-10-29 13:46:10
1,27.2,55.8,82451,2025-10-29 13:46:12
2,27.3,55.1,82452,2025-10-29 13:46:13
3,27.5,54.1,82453,2025-10-29 13:46:13
1,27.2,55.7,84485,2025-10-29 13:46:15
2,27.3,54.9,84486,2025-10-29 13:46:15
3,27.5,54.0,84487,2025-10-29 13:46:15
1,27.2,55.7,86520,2025-10-29 13:46:17
2,27.3,54.9,86521,2025-10-29 13:46:17
3,27.5,54.3,86522,2025-10-29 13:46:17
1,27.2,55.7,88556,2025-10-29 13:46:19
2,27.4,54.7,88557,2025-10-29 13:46:19
3,27.5,54.3,88558,2025-10-29 13:46:19
1,27.2,55.7,90592,2025-10-29 13:46:21
2,27.4,55.0,90593,2025-10-29 13:46:21
3,27.5,54.3,90594,2025-10-29 13:46:21
1,27.2,55.6,92625,2025-10-29 13:46:23
2,27.4,55.0,92626,2025-10-29 13:46:23
3,27.5,54.3,92627,2025-10-29 13:46:23
1,27.2,55.6,94661,2025-10-29 13:46:25
2,27.4,55.0,94662,2025-10-29 13:46:25
3,27.5,54.3,94663,2025-10-29 13:46:25
1,27.2,55.8,96697,2025-10-29 13:46:27
2,27.4,55.0,96698,2025-10-29 13:46:27
3,27.4,54.3,96699,2025-10-29 13:46:27
1,27.2,56.0,98733,2025-10-29 13:46:29
2,27.4,55.0,98734,2025-10-29 13:46:29
3,27.4,54.3,98735,2025-10-29 13:46:29
1,27.2,56.0,100766,2025-10-29 13:46:31
2,27.3,54.9,100767,2025-10-29 13:46:31
3,27.4,54.3,100768,2025-10-29 13:46:31
1,27.2,55.8,102801,2025-10-29 13:46:33
2,27.4,54.9,102802,2025-10-29 13:46:33
3,27.4,54.3,102803,2025-10-29 13:46:33
1,27.2,55.7,104836,2025-10-29 13:46:35
2,27.4,54.9,104837,2025-10-29 13:46:35
3,27.5,54.5,104838,2025-10-29 13:46:35
1,27.2,55.7,106870,2025-10-29 13:46:37
2,27.3,55.0,106871,2025-10-29 13:46:37
3,27.5,54.5,106872,2025-10-29 13:46:37
1,27.2,55.8,108906,2025-10-29 13:46:39
2,27.4,55.0,108907,2025-10-29 13:46:39
3,27.4,54.5,108908,2025-10-29 13:46:39
1,27.2,55.6,110942,2025-10-29 13:46:41
2,27.4,55.0,110943,2025-10-29 13:46:41
3,27.4,54.5,110944,2025-10-29 13:46:41
1,27.2,55.6,112977,2025-10-29 13:46:43
2,27.3,55.0,112978,2025-10-29 13:46:43
3,27.4,54.5,112979,2025-10-29 13:46:43
1,27.2,55.7,115013,2025-10-29 13:46:45
2,27.4,55.0,115014,2025-10-29 13:46:45
3,27.4,54.7,115015,2025-10-29 13:46:45
1,27.2,55.8,117047,2025-10-29 13:46:47
2,27.4,55.0,117048,2025-10-29 13:46:48
3,27.4,54.5,117049,2025-10-29 13:46:48
1,27.2,55.8,119083,2025-10-29 13:46:50
2,27.3,55.1,119084,2025-10-29 13:46:50
3,27.4,54.5,119085,2025-10-29 13:46:50
1,27.2,55.9,121118,2025-10-29 13:46:52
2,27.4,55.0,121119,2025-10-29 13:46:52
3,27.4,54.5,121120,2025-10-29 13:46:52
1,27.2,55.8,123153,2025-10-29 13:46:54
2,27.4,55.0,123154,2025-10-29 13:46:54
3,27.5,54.4,123155,2025-10-29 13:46:54
1,27.2,55.8,125189,2025-10-29 13:46:56
2,27.4,55.1,125190,2025-10-29 13:46:56
3,27.5,54.4,125191,2025-10-29 13:46:56
1,27.2,55.4,127224,2025-10-29 13:46:58
2,27.3,55.1,127225,2025-10-29 13:46:58
3,27.4,54.4,127226,2025-10-29 13:46:58
1,27.2,55.6,129259,2025-10-29 13:47:00
2,27.3,55.1,129260,2025-10-29 13:47:00
3,27.4,54.3,129261,2025-10-29 13:47:00
1,27.2,55.6,131294,2025-10-29 13:47:02
2,27.4,54.8,131295,2025-10-29 13:47:02
3,27.4,54.3,131296,2025-10-29 13:47:02
1,27.2,55.7,133328,2025-10-29 13:47:04
2,27.4,55.0,133329,2025-10-29 13:47:04
3,27.4,54.3,133330,2025-10-29 13:47:04
1,27.2,55.3,135364,2025-10-29 13:47:06
2,27.4,55.0,135365,2025-10-29 13:47:06
3,27.5,54.3,135366,2025-10-29 13:47:06
1,27.2,55.3,137400,2025-10-29 13:47:08
2,27.4,54.9,137401,2025-10-29 13:47:08
3,27.5,54.3,137402,2025-10-29 13:47:08
1,27.2,55.3,139436,2025-10-29 13:47:10
2,27.3,55.0,139437,2025-10-29 13:47:10
3,27.4,54.0,139438,2025-10-29 13:47:10
1,27.1,55.3,141470,2025-10-29 13:47:12
2,27.3,54.9,141471,2025-10-29 13:47:12
3,27.4,54.2,141472,2025-10-29 13:47:12
1,27.2,55.2,143505,2025-10-29 13:47:14
2,27.3,54.9,143506,2025-10-29 13:47:14
3,27.4,54.2,143507,2025-10-29 13:47:14
1,27.2,55.2,145540,2025-10-29 13:47:16
2,27.3,55.0,145541,2025-10-29 13:47:16
3,27.4,54.2,145542,2025-10-29 13:47:16
1,27.2,55.2,147574,2025-10-29 13:47:18
2,27.4,55.0,147575,2025-10-29 13:47:18
3,27.4,54.5,147576,2025-10-29 13:47:18
1,27.2,55.3,149609,2025-10-29 13:47:20
2,27.4,55.0,149610,2025-10-29 13:47:20
3,27.4,54.5,149611,2025-10-29 13:47:20
SensorID,Temperatura,Humedad,Tiempo,FechaLectura
1,0.0,0.0,1037,2025-10-29 13:47:24
2,27.3,54.9,1038,2025-10-29 13:47:24
3,27.4,54.3,1053,2025-10-29 13:47:24
1,27.1,55.6,3092,2025-10-29 13:47:26
2,27.3,54.9,3093,2025-10-29 13:47:26
3,27.4,54.3,3093,2025-10-29 13:47:26
1,27.2,55.6,5126,2025-10-29 13:47:28
2,27.3,55.0,5127,2025-10-29 13:47:28
3,27.4,54.7,5128,2025-10-29 13:47:28
1,27.2,55.4,7161,2025-10-29 13:47:30
2,27.3,55.0,7162,2025-10-29 13:47:30
3,27.4,54.5,7163,2025-10-29 13:47:30
1,27.2,55.4,9197,2025-10-29 13:47:32
2,27.3,55.1,9198,2025-10-29 13:47:32
3,27.4,54.5,9199,2025-10-29 13:47:32
1,27.1,55.8,11232,2025-10-29 13:47:34
2,27.3,55.1,11233,2025-10-29 13:47:34
3,27.4,54.6,11234,2025-10-29 13:47:34
1,27.1,55.5,13267,2025-10-29 13:47:36
2,27.3,55.1,13268,2025-10-29 13:47:36
3,27.4,54.4,13270,2025-10-29 13:47:36
1,27.1,55.5,15303,2025-10-29 13:47:38
2,27.3,55.0,15304,2025-10-29 13:47:38
3,27.4,54.4,15305,2025-10-29 13:47:38
1,27.1,55.6,17338,2025-10-29 13:47:41
2,27.4,55.2,17339,2025-10-29 13:47:41
3,27.4,54.5,17339,2025-10-29 13:47:41
1,27.1,55.6,19373,2025-10-29 13:47:43
2,27.4,55.2,19374,2025-10-29 13:47:43
3,27.4,54.3,19375,2025-10-29 13:47:43
1,27.1,55.6,21408,2025-10-29 13:47:45
2,27.3,55.1,21409,2025-10-29 13:47:45
3,27.4,54.3,21410,2025-10-29 13:47:45
1,27.1,55.6,23443,2025-10-29 13:47:47
2,27.3,55.2,23444,2025-10-29 13:47:47
3,27.4,54.4,23445,2025-10-29 13:47:47
1,27.1,55.6,25478,2025-10-29 13:47:49
2,27.4,55.1,25478,2025-10-29 13:47:49
3,27.4,54.3,25479,2025-10-29 13:47:49
1,27.1,55.4,27512,2025-10-29 13:47:51
2,27.4,55.1,27513,2025-10-29 13:47:51
3,27.4,54.3,27514,2025-10-29 13:47:51
1,27.1,55.4,29547,2025-10-29 13:47:53
2,27.4,55.1,29548,2025-10-29 13:47:53
3,27.4,54.2,29549,2025-10-29 13:47:53
1,27.1,55.6,31582,2025-10-29 13:47:55
2,27.3,55.1,31582,2025-10-29 13:47:55
3,27.4,54.1,31583,2025-10-29 13:47:55
1,27.1,55.4,33615,2025-10-29 13:47:57
2,27.3,55.1,33616,2025-10-29 13:47:57
3,27.4,54.1,33617,2025-10-29 13:47:57
1,27.1,55.4,35650,2025-10-29 13:47:59
2,27.3,54.9,35651,2025-10-29 13:47:59
3,27.4,53.9,35652,2025-10-29 13:47:59
1,27.1,55.3,37685,2025-10-29 13:48:01
2,27.3,55.0,37685,2025-10-29 13:48:01
3,27.4,54.0,37686,2025-10-29 13:48:01
1,27.1,55.2,39719,2025-10-29 13:48:03
2,27.3,55.0,39719,2025-10-29 13:48:03
3,27.4,54.0,39720,2025-10-29 13:48:03
1,27.1,55.2,41753,2025-10-29 13:48:05
2,27.3,55.0,41754,2025-10-29 13:48:05
3,27.3,54.1,41755,2025-10-29 13:48:05
1,27.1,54.8,43788,2025-10-29 13:48:07
2,27.3,55.1,43789,2025-10-29 13:48:07
3,27.3,54.3,43790,2025-10-29 13:48:07
1,27.1,55.1,45822,2025-10-29 13:48:09
2,27.3,55.1,45822,2025-10-29 13:48:09
3,27.3,54.3,45824,2025-10-29 13:48:09
1,27.1,55.1,47856,2025-10-29 13:48:11
2,27.3,54.9,47857,2025-10-29 13:48:11
3,27.4,54.7,47858,2025-10-29 13:48:11
1,27.1,55.5,49892,2025-10-29 13:48:13
2,27.3,55.1,49893,2025-10-29 13:48:13
3,27.3,54.6,49894,2025-10-29 13:48:13
1,27.1,55.6,51927,2025-10-29 13:48:15
2,27.3,55.1,51928,2025-10-29 13:48:15
3,27.4,54.7,51928,2025-10-29 13:48:15
1,27.1,55.6,53960,2025-10-29 13:48:17
2,27.3,55.0,53961,2025-10-29 13:48:17
3,27.4,54.7,53962,2025-10-29 13:48:18
1,27.1,55.7,55995,2025-10-29 13:48:20
2,27.3,55.0,55996,2025-10-29 13:48:20
3,27.4,54.5,55997,2025-10-29 13:48:20
1,27.1,55.8,58031,2025-10-29 13:48:22
2,27.3,55.0,58032,2025-10-29 13:48:22
3,27.3,54.4,58033,2025-10-29 13:48:22
1,27.1,55.8,60065,2025-10-29 13:48:24
2,27.3,55.0,60066,2025-10-29 13:48:24
3,27.3,54.4,60066,2025-10-29 13:48:24
1,27.1,55.7,62099,2025-10-29 13:48:26
2,27.3,54.9,62100,2025-10-29 13:48:26
3,27.4,54.3,62101,2025-10-29 13:48:26
1,27.1,55.7,64135,2025-10-29 13:48:28
2,27.3,54.9,64136,2025-10-29 13:48:28
3,27.3,54.3,64137,2025-10-29 13:48:28
1,27.1,55.7,66170,2025-10-29 13:48:30
2,27.3,55.0,66171,2025-10-29 13:48:30
3,27.3,54.3,66172,2025-10-29 13:48:30
1,27.1,55.5,68205,2025-10-29 13:48:32
2,27.3,54.9,68205,2025-10-29 13:48:32
3,27.3,54.2,68206,2025-10-29 13:48:32
1,27.1,55.7,70239,2025-10-29 13:48:34
2,27.3,54.9,70240,2025-10-29 13:48:34
3,27.3,54.2,70241,2025-10-29 13:48:34
1,27.1,55.7,72274,2025-10-29 13:48:36
2,27.3,54.9,72275,2025-10-29 13:48:36
3,27.3,54.2,72276,2025-10-29 13:48:36
1,27.1,55.6,74310,2025-10-29 13:48:38
2,27.3,54.8,74311,2025-10-29 13:48:38
3,27.3,54.3,74312,2025-10-29 13:48:38
1,27.1,55.7,76345,2025-10-29 13:48:40
2,27.3,54.8,76345,2025-10-29 13:48:40
3,27.3,54.3,76346,2025-10-29 13:48:40
1,27.1,55.7,78380,2025-10-29 13:48:42
2,27.3,54.9,78381,2025-10-29 13:48:42
3,27.3,54.3,78382,2025-10-29 13:48:42
1,27.1,55.6,80415,2025-10-29 13:48:44
2,27.3,54.5,80416,2025-10-29 13:48:44
3,27.3,54.3,80417,2025-10-29 13:48:44
1,27.1,55.8,82451,2025-10-29 13:48:46
2,27.3,54.5,82452,2025-10-29 13:48:46
3,27.3,54.3,82453,2025-10-29 13:48:46
1,27.1,55.8,84485,2025-10-29 13:48:48
2,27.3,54.9,84486,2025-10-29 13:48:48
3,27.3,54.3,84487,2025-10-29 13:48:48
1,27.1,55.6,86520,2025-10-29 13:48:50
2,27.3,54.7,86521,2025-10-29 13:48:50
3,27.3,54.2,86522,2025-10-29 13:48:50
1,27.1,55.7,88556,2025-10-29 13:48:52
2,27.3,54.7,88557,2025-10-29 13:48:52
3,27.3,54.3,88558,2025-10-29 13:48:52
1,27.1,55.7,90592,2025-10-29 13:48:54
2,27.3,55.0,90593,2025-10-29 13:48:54
3,27.3,54.3,90594,2025-10-29 13:48:54
1,27.1,55.7,92626,2025-10-29 13:48:56
2,27.3,54.7,92627,2025-10-29 13:48:57
3,27.3,54.5,92628,2025-10-29 13:48:57
1,27.0,55.7,94662,2025-10-29 13:48:59
2,27.3,54.7,94663,2025-10-29 13:48:59
3,27.3,54.1,94664,2025-10-29 13:48:59
1,27.0,55.7,96698,2025-10-29 13:49:01
2,27.3,54.5,96699,2025-10-29 13:49:01
3,27.3,54.1,96700,2025-10-29 13:49:01
1,27.0,55.4,98733,2025-10-29 13:49:03
2,27.3,54.7,98734,2025-10-29 13:49:03
3,27.3,54.2,98735,2025-10-29 13:49:03
1,27.0,55.6,100767,2025-10-29 13:49:05
2,27.3,54.7,100768,2025-10-29 13:49:05
3,27.3,54.2,100769,2025-10-29 13:49:05
1,27.0,55.8,102803,2025-10-29 13:49:07
2,27.3,54.6,102804,2025-10-29 13:49:07
3,27.3,54.2,102805,2025-10-29 13:49:07
1,27.0,55.8,104839,2025-10-29 13:49:09
2,27.3,54.8,104840,2025-10-29 13:49:09
3,27.3,54.2,104841,2025-10-29 13:49:09
1,27.0,55.4,106874,2025-10-29 13:49:11
2,27.3,55.2,106875,2025-10-29 13:49:11
3,27.3,54.0,106876,2025-10-29 13:49:11
1,27.0,55.4,108909,2025-10-29 13:49:13
2,27.3,55.2,108909,2025-10-29 13:49:13
3,27.3,54.0,108910,2025-10-29 13:49:13
1,27.0,55.4,110944,2025-10-29 13:49:15
2,27.3,55.3,110944,2025-10-29 13:49:15
3,27.3,54.1,110945,2025-10-29 13:49:15
1,27.0,55.4,112978,2025-10-29 13:49:17
2,27.3,55.1,112978,2025-10-29 13:49:17
3,27.3,54.0,112979,2025-10-29 13:49:17
1,27.0,55.3,115013,2025-10-29 13:49:19
2,27.3,55.1,115013,2025-10-29 13:49:19
3,27.3,54.0,115014,2025-10-29 13:49:19
1,27.0,55.3,117048,2025-10-29 13:49:21
2,27.3,55.0,117049,2025-10-29 13:49:21
3,27.3,54.0,117050,2025-10-29 13:49:21
1,27.0,55.3,119084,2025-10-29 13:49:23
2,27.3,54.9,119085,2025-10-29 13:49:23
3,27.2,54.0,119086,2025-10-29 13:49:23
1,27.0,55.3,121119,2025-10-29 13:49:25
2,27.3,54.9,121120,2025-10-29 13:49:25
3,27.2,54.0,121121,2025-10-29 13:49:25
1,27.0,55.3,123155,2025-10-29 13:49:27
2,27.2,54.7,123156,2025-10-29 13:49:27
3,27.3,54.0,123157,2025-10-29 13:49:27
1,26.9,55.6,125190,2025-10-29 13:49:29
2,27.3,54.9,125190,2025-10-29 13:49:29
3,27.3,54.1,125191,2025-10-29 13:49:30
1,26.9,55.7,127224,2025-10-29 13:49:32
2,27.3,54.9,127224,2025-10-29 13:49:32
3,27.3,54.1,127225,2025-10-29 13:49:32
1,26.9,55.7,129259,2025-10-29 13:49:34
2,27.2,54.8,129259,2025-10-29 13:49:34
3,27.3,54.3,129260,2025-10-29 13:49:34
1,26.9,55.4,131294,2025-10-29 13:49:36
2,27.3,54.9,131294,2025-10-29 13:49:36
3,27.2,54.0,131295,2025-10-29 13:49:36
1,26.9,55.5,133328,2025-10-29 13:49:38
2,27.3,54.9,133329,2025-10-29 13:49:38
3,27.2,54.0,133330,2025-10-29 13:49:38
1,26.9,55.5,135364,2025-10-29 13:49:40
2,27.3,54.7,135365,2025-10-29 13:49:40
3,27.2,54.0,135366,2025-10-29 13:49:40
1,26.9,55.7,137400,2025-10-29 13:49:42
2,27.3,54.7,137401,2025-10-29 13:49:42
3,27.2,54.0,137402,2025-10-29 13:49:42
1,26.9,55.5,139436,2025-10-29 13:49:44
2,27.3,54.7,139437,2025-10-29 13:49:44
3,27.2,53.9,139438,2025-10-29 13:49:44
1,26.9,55.5,141470,2025-10-29 13:49:46
2,27.3,54.8,141470,2025-10-29 13:49:46
3,27.2,53.9,141471,2025-10-29 13:49:46
1,26.9,55.3,143505,2025-10-29 13:49:48
2,27.2,54.5,143505,2025-10-29 13:49:48
3,27.2,54.0,143506,2025-10-29 13:49:48
1,26.9,55.3,145540,2025-10-29 13:49:50
2,27.2,54.5,145540,2025-10-29 13:49:50
3,27.2,53.9,145541,2025-10-29 13:49:50
1,26.9,55.3,147574,2025-10-29 13:49:52
2,27.2,54.6,147574,2025-10-29 13:49:52
3,27.2,53.9,147575,2025-10-29 13:49:52
1,26.9,55.4,149609,2025-10-29 13:49:54
2,27.2,54.5,149610,2025-10-29 13:49:54
3,27.2,54.3,149611,2025-10-29 13:49:54
1,26.9,55.3,151645,2025-10-29 13:49:56
2,27.2,54.5,151646,2025-10-29 13:49:56
3,27.2,54.2,151647,2025-10-29 13:49:56
1,26.9,55.3,153680,2025-10-29 13:49:58
2,27.2,54.6,153681,2025-10-29 13:49:58
3,27.2,54.2,153682,2025-10-29 13:49:58
1,26.9,55.1,155716,2025-10-29 13:50:00
2,27.2,54.6,155717,2025-10-29 13:50:00
3,27.2,54.0,155718,2025-10-29 13:50:00
1,26.9,54.8,157751,2025-10-29 13:50:02
2,27.2,54.6,157751,2025-10-29 13:50:02
3,27.2,53.8,157752,2025-10-29 13:50:02
1,26.9,54.8,159785,2025-10-29 13:50:04
2,27.3,54.5,159787,2025-10-29 13:50:04
3,27.2,53.8,159787,2025-10-29 13:50:04
1,26.9,55.0,161820,2025-10-29 13:50:06
2,27.3,54.8,161821,2025-10-29 13:50:06
3,27.2,53.5,161821,2025-10-29 13:50:07
1,26.9,54.7,163855,2025-10-29 13:50:09
2,27.3,54.8,163856,2025-10-29 13:50:09
3,27.2,53.6,163856,2025-10-29 13:50:09
1,26.9,54.7,165890,2025-10-29 13:50:11
2,27.2,54.6,165891,2025-10-29 13:50:11
3,27.2,53.6,165892,2025-10-29 13:50:11
1,26.9,54.6,167925,2025-10-29 13:50:13
2,27.2,54.5,167926,2025-10-29 13:50:13
3,27.2,53.5,167927,2025-10-29 13:50:13
1,26.9,54.7,169961,2025-10-29 13:50:15
2,27.2,54.5,169962,2025-10-29 13:50:15
3,27.2,53.6,169963,2025-10-29 13:50:15
1,26.9,54.7,171997,2025-10-29 13:50:17
2,27.2,54.7,171998,2025-10-29 13:50:17
3,27.2,53.6,171999,2025-10-29 13:50:17
1,26.9,54.9,174031,2025-10-29 13:50:19
2,27.3,54.7,174032,2025-10-29 13:50:19
3,27.2,53.8,174032,2025-10-29 13:50:19
1,26.9,55.0,176066,2025-10-29 13:50:21
2,27.3,54.7,176067,2025-10-29 13:50:21
3,27.2,53.7,176067,2025-10-29 13:50:21
1,26.9,54.9,178101,2025-10-29 13:50:23
2,27.3,54.6,178102,2025-10-29 13:50:23
3,27.2,53.7,178102,2025-10-29 13:50:23
1,26.9,54.9,180135,2025-10-29 13:50:25
2,27.2,54.5,180135,2025-10-29 13:50:25
3,27.2,53.7,180136,2025-10-29 13:50:25
1,26.9,54.9,182170,2025-10-29 13:50:27
2,27.2,54.5,182171,2025-10-29 13:50:27
3,27.2,53.7,182172,2025-10-29 13:50:27
1,26.9,54.8,184206,2025-10-29 13:50:29
2,27.2,54.5,184207,2025-10-29 13:50:29
3,27.2,53.7,184208,2025-10-29 13:50:29
1,26.9,54.8,186242,2025-10-29 13:50:31
2,27.3,54.5,186243,2025-10-29 13:50:31
3,27.2,53.9,186244,2025-10-29 13:50:31
1,26.9,54.7,188277,2025-10-29 13:50:33
2,27.2,54.4,188278,2025-10-29 13:50:33
3,27.2,53.6,188279,2025-10-29 13:50:33
1,26.9,54.7,190312,2025-10-29 13:50:35
2,27.2,54.4,190312,2025-10-29 13:50:35
3,27.2,53.6,190313,2025-10-29 13:50:35
1,26.9,54.7,192347,2025-10-29 13:50:37
2,27.3,54.3,192347,2025-10-29 13:50:37
3,27.2,53.6,192348,2025-10-29 13:50:37
1,26.9,54.6,194381,2025-10-29 13:50:39
2,27.3,54.3,194381,2025-10-29 13:50:39
3,27.2,53.7,194382,2025-10-29 13:50:39
1,26.9,54.7,196416,2025-10-29 13:50:41
2,27.3,54.3,196416,2025-10-29 13:50:41
3,27.2,53.7,196417,2025-10-29 13:50:41
1,26.9,54.7,198451,2025-10-29 13:50:43
2,27.3,54.2,198452,2025-10-29 13:50:43
3,27.2,53.2,198453,2025-10-29 13:50:43
1,26.9,54.3,200486,2025-10-29 13:50:45
2,27.3,54.3,200487,2025-10-29 13:50:46
3,27.2,53.3,200488,2025-10-29 13:50:46
1,26.9,54.2,202522,2025-10-29 13:50:48
2,27.3,54.3,202523,2025-10-29 13:50:48
3,27.2,53.3,202524,2025-10-29 13:50:48
1,26.9,54.2,204558,2025-10-29 13:50:50
2,27.2,54.4,204559,2025-10-29 13:50:50
3,27.2,53.4,204560,2025-10-29 13:50:50
1,26.9,54.2,206592,2025-10-29 13:50:52
2,27.3,54.4,206593,2025-10-29 13:50:52
3,27.2,53.2,206594,2025-10-29 13:50:52
1,26.9,54.1,208626,2025-10-29 13:50:54
2,27.3,54.4,208627,2025-10-29 13:50:54
3,27.2,53.2,208628,2025-10-29 13:50:54
1,26.9,54.1,210661,2025-10-29 13:50:56
2,27.3,54.4,210662,2025-10-29 13:50:56
3,27.2,53.4,210663,2025-10-29 13:50:56
1,26.9,54.0,212696,2025-10-29 13:50:58
2,27.3,54.5,212697,2025-10-29 13:50:58
3,27.2,53.1,212698,2025-10-29 13:50:58
1,26.9,54.0,214731,2025-10-29 13:51:00
2,27.3,54.5,214732,2025-10-29 13:51:00
3,27.2,53.5,214733,2025-10-29 13:51:00
1,26.9,54.0,216767,2025-10-29 13:51:02
2,27.3,54.9,216768,2025-10-29 13:51:02
3,27.2,53.5,216769,2025-10-29 13:51:02
1,26.9,53.8,218803,2025-10-29 13:51:04
2,27.3,54.2,218804,2025-10-29 13:51:04
3,27.2,54.0,218805,2025-10-29 13:51:04
1,26.9,54.1,220838,2025-10-29 13:51:06
2,27.3,54.2,220839,2025-10-29 13:51:06
3,27.2,53.8,220840,2025-10-29 13:51:06
1,26.9,54.1,222872,2025-10-29 13:51:08
2,27.3,54.5,222873,2025-10-29 13:51:08
3,27.2,53.8,222874,2025-10-29 13:51:08
1,26.9,54.4,224908,2025-10-29 13:51:10
2,27.3,54.0,224909,2025-10-29 13:51:10
3,27.2,53.7,224910,2025-10-29 13:51:10
1,26.9,54.5,226942,2025-10-29 13:51:12
2,27.3,54.0,226944,2025-10-29 13:51:12
3,27.2,53.8,226945,2025-10-29 13:51:12
1,26.9,54.5,228977,2025-10-29 13:51:14
2,27.2,54.0,228978,2025-10-29 13:51:14
3,27.2,53.8,228979,2025-10-29 13:51:14
1,26.9,54.5,231013,2025-10-29 13:51:16
2,27.2,54.1,231014,2025-10-29 13:51:16
3,27.2,53.9,231015,2025-10-29 13:51:16
1,26.9,54.7,233049,2025-10-29 13:51:18
2,27.2,54.1,233050,2025-10-29 13:51:18
3,27.2,53.8,233051,2025-10-29 13:51:18
1,26.9,54.7,235083,2025-10-29 13:51:20
2,27.3,54.1,235084,2025-10-29 13:51:20
3,27.2,53.8,235085,2025-10-29 13:51:20
1,26.9,54.9,237119,2025-10-29 13:51:22
2,27.2,54.2,237120,2025-10-29 13:51:23
3,27.2,54.0,237121,2025-10-29 13:51:23
1,26.9,54.9,239154,2025-10-29 13:51:25
2,27.2,54.2,239155,2025-10-29 13:51:25
3,27.2,54.1,239156,2025-10-29 13:51:25
1,26.9,54.9,241188,2025-10-29 13:51:27
2,27.2,54.1,241189,2025-10-29 13:51:27
3,27.2,54.1,241190,2025-10-29 13:51:27
1,26.9,54.9,243223,2025-10-29 13:51:29
2,27.2,54.3,243224,2025-10-29 13:51:29
3,27.2,54.1,243225,2025-10-29 13:51:29
1,26.9,55.1,245259,2025-10-29 13:51:31
2,27.2,54.3,245260,2025-10-29 13:51:31
3,27.2,54.1,245261,2025-10-29 13:51:31
1,26.9,55.2,247293,2025-10-29 13:51:33
2,27.2,54.1,247294,2025-10-29 13:51:33
3,27.2,54.1,247296,2025-10-29 13:51:33
1,26.9,55.2,249329,2025-10-29 13:51:35
2,27.2,54.5,249330,2025-10-29 13:51:35
3,27.2,54.2,249331,2025-10-29 13:51:35
1,26.9,55.2,251365,2025-10-29 13:51:37
2,27.2,54.5,251366,2025-10-29 13:51:37
3,27.2,54.0,251367,2025-10-29 13:51:37
1,27.0,55.2,253401,2025-10-29 13:51:39
2,27.2,54.2,253402,2025-10-29 13:51:39
3,27.2,54.0,253403,2025-10-29 13:51:39
1,27.0,55.2,255435,2025-10-29 13:51:41
2,27.2,54.0,255436,2025-10-29 13:51:41
3,27.2,53.9,255437,2025-10-29 13:51:41
1,26.9,55.2,257470,2025-10-29 13:51:43
2,27.2,54.0,257471,2025-10-29 13:51:43
3,27.2,54.0,257472,2025-10-29 13:51:43
1,26.9,55.2,259505,2025-10-29 13:51:45
2,27.2,54.0,259506,2025-10-29 13:51:45
3,27.2,54.0,259507,2025-10-29 13:51:45
1,26.9,55.2,261539,2025-10-29 13:51:47
2,27.2,54.1,261540,2025-10-29 13:51:47
3,27.2,53.8,261541,2025-10-29 13:51:47
1,26.9,55.1,263575,2025-10-29 13:51:49
2,27.2,54.1,263576,2025-10-29 13:51:49
3,27.2,53.8,263577,2025-10-29 13:51:49
1,26.9,55.0,265611,2025-10-29 13:51:51
2,27.2,54.3,265612,2025-10-29 13:51:51
3,27.2,53.8,265613,2025-10-29 13:51:51
1,26.9,55.0,267645,2025-10-29 13:51:53
2,0.0,0.0,267645,2025-10-29 13:51:53
3,27.2,53.9,267646,2025-10-29 13:51:53
1,27.0,55.1,269680,2025-10-29 13:51:55
2,27.2,53.8,269680,2025-10-29 13:51:55
3,27.2,53.8,269681,2025-10-29 13:51:56
1,26.9,55.0,271715,2025-10-29 13:51:58
2,27.2,53.8,271716,2025-10-29 13:51:58
3,27.2,53.8,271717,2025-10-29 13:51:58
1,26.9,55.0,273751,2025-10-29 13:52:00
2,27.2,53.4,273752,2025-10-29 13:52:00
3,27.2,53.7,273753,2025-10-29 13:52:00
1,26.9,55.0,275786,2025-10-29 13:52:02
2,27.2,53.4,275787,2025-10-29 13:52:02
3,27.2,53.6,275788,2025-10-29 13:52:02
1,26.9,54.6,277822,2025-10-29 13:52:04
2,27.2,53.4,277823,2025-10-29 13:52:04
3,27.2,53.6,277824,2025-10-29 13:52:04
1,26.9,54.6,279857,2025-10-29 13:52:06
2,27.2,53.4,279857,2025-10-29 13:52:06
3,27.2,53.6,279858,2025-10-29 13:52:06
1,26.9,54.7,281891,2025-10-29 13:52:08
2,27.2,53.4,281891,2025-10-29 13:52:08
3,27.2,53.6,281892,2025-10-29 13:52:08
1,26.9,54.7,283926,2025-10-29 13:52:10
2,27.2,53.4,283926,2025-10-29 13:52:10
3,27.2,53.6,283927,2025-10-29 13:52:10
1,26.9,54.7,285961,2025-10-29 13:52:12
2,27.2,53.6,285962,2025-10-29 13:52:12
3,27.1,53.5,285962,2025-10-29 13:52:12
1,26.9,54.6,287995,2025-10-29 13:52:14
2,27.2,53.9,287996,2025-10-29 13:52:14
3,27.2,53.4,287997,2025-10-29 13:52:14
1,26.9,54.8,290031,2025-10-29 13:52:16
2,27.2,53.9,290032,2025-10-29 13:52:16
3,27.2,53.4,290033,2025-10-29 13:52:16
1,26.9,54.8,292067,2025-10-29 13:52:18
2,27.2,53.8,292068,2025-10-29 13:52:18
3,27.2,53.5,292069,2025-10-29 13:52:18
1,26.9,54.5,294103,2025-10-29 13:52:20
2,27.2,54.0,294104,2025-10-29 13:52:20
3,27.2,53.4,294105,2025-10-29 13:52:20
1,27.0,54.8,296137,2025-10-29 13:52:22
2,27.2,54.0,296138,2025-10-29 13:52:22
3,27.1,53.2,296138,2025-10-29 13:52:22
1,27.0,54.8,298172,2025-10-29 13:52:24
2,27.2,54.1,298173,2025-10-29 13:52:24
3,27.1,53.2,298173,2025-10-29 13:52:24
1,26.9,54.8,300207,2025-10-29 13:52:26
2,27.2,54.1,300208,2025-10-29 13:52:26
3,27.2,53.0,300208,2025-10-29 13:52:26
1,26.9,54.7,302241,2025-10-29 13:52:28
2,27.2,54.1,302242,2025-10-29 13:52:28
3,27.2,52.9,302242,2025-10-29 13:52:28
1,26.9,54.7,304276,2025-10-29 13:52:30
2,27.2,54.1,304277,2025-10-29 13:52:30
3,27.2,52.9,304278,2025-10-29 13:52:30
1,26.9,54.8,306312,2025-10-29 13:52:32
2,27.2,53.9,306313,2025-10-29 13:52:32
3,27.2,53.0,306314,2025-10-29 13:52:32
1,26.9,54.9,308347,2025-10-29 13:52:34
2,27.2,53.9,308348,2025-10-29 13:52:35
3,27.1,53.1,308349,2025-10-29 13:52:35
1,26.9,54.9,310383,2025-10-29 13:52:37
2,27.2,53.9,310384,2025-10-29 13:52:37
3,27.1,53.1,310385,2025-10-29 13:52:37
1,26.9,55.0,312417,2025-10-29 13:52:39
2,27.2,53.9,312418,2025-10-29 13:52:39
3,27.1,53.3,312419,2025-10-29 13:52:39
1,26.9,54.5,314452,2025-10-29 13:52:41
2,27.2,53.9,314452,2025-10-29 13:52:41
3,27.2,53.3,314454,2025-10-29 13:52:41
1,26.9,54.5,316487,2025-10-29 13:52:43
2,27.2,53.6,316487,2025-10-29 13:52:43
3,27.2,53.3,316488,2025-10-29 13:52:43
1,26.9,54.4,318522,2025-10-29 13:52:45
2,27.2,53.7,318522,2025-10-29 13:52:45
3,27.2,52.9,318523,2025-10-29 13:52:45
1,26.9,54.3,320557,2025-10-29 13:52:47
2,27.2,53.7,320558,2025-10-29 13:52:47
3,27.1,52.4,320559,2025-10-29 13:52:47
1,26.9,54.1,322592,2025-10-29 13:52:49
2,27.2,53.4,322593,2025-10-29 13:52:49
3,27.1,52.4,322594,2025-10-29 13:52:49
1,26.9,54.1,324628,2025-10-29 13:52:51
2,27.3,53.6,324629,2025-10-29 13:52:51
3,27.2,52.7,324630,2025-10-29 13:52:51
1,26.9,53.9,326664,2025-10-29 13:52:53
2,27.3,53.6,326665,2025-10-29 13:52:53
3,27.2,52.6,326666,2025-10-29 13:52:53
1,26.9,54.0,328697,2025-10-29 13:52:55
2,27.2,53.5,328698,2025-10-29 13:52:55
3,27.2,52.6,328699,2025-10-29 13:52:55
1,26.9,54.0,330732,2025-10-29 13:52:57
2,27.2,53.5,330733,2025-10-29 13:52:57
3,27.1,52.9,330734,2025-10-29 13:52:57
1,26.9,54.1,332767,2025-10-29 13:52:59
2,27.2,53.5,332768,2025-10-29 13:52:59
3,27.2,53.0,332769,2025-10-29 13:52:59
1,26.9,54.1,334802,2025-10-29 13:53:01
2,27.2,53.2,334802,2025-10-29 13:53:01
3,27.2,53.0,334803,2025-10-29 13:53:01
1,26.9,54.1,336837,2025-10-29 13:53:03
2,27.2,52.9,336838,2025-10-29 13:53:03
3,27.2,53.1,336839,2025-10-29 13:53:03
1,26.9,54.0,338873,2025-10-29 13:53:05
2,27.2,52.9,338874,2025-10-29 13:53:05
3,27.2,53.3,338875,2025-10-29 13:53:05
1,26.9,54.3,340909,2025-10-29 13:53:07
2,27.2,52.9,340910,2025-10-29 13:53:07
3,27.2,53.3,340911,2025-10-29 13:53:07
1,26.9,54.3,342944,2025-10-29 13:53:09
2,27.2,52.9,342945,2025-10-29 13:53:09
3,27.1,53.1,342946,2025-10-29 13:53:09
1,26.9,54.1,344978,2025-10-29 13:53:11
2,27.2,53.0,344979,2025-10-29 13:53:12
3,27.1,52.7,344980,2025-10-29 13:53:12
1,26.9,54.1,347013,2025-10-29 13:53:14
2,27.2,53.0,347014,2025-10-29 13:53:14
3,27.1,52.7,347015,2025-10-29 13:53:14
1,26.9,54.1,349048,2025-10-29 13:53:16
2,27.2,53.3,349048,2025-10-29 13:53:16
3,27.1,52.9,349049,2025-10-29 13:53:16
1,26.9,54.2,351083,2025-10-29 13:53:18
2,27.2,53.4,351083,2025-10-29 13:53:18
3,27.1,52.8,351084,2025-10-29 13:53:18
1,26.9,54.1,353118,2025-10-29 13:53:20
2,27.2,53.4,353119,2025-10-29 13:53:20
3,27.1,52.8,353120,2025-10-29 13:53:20
SensorID,Temperatura,Humedad,Tiempo,FechaLectura
1,26.8,53.3,1037,2025-10-29 13:57:49
2,27.1,51.4,1038,2025-10-29 13:57:49
3,0.0,0.0,1053,2025-10-29 13:57:49
SensorID,Temperatura,Humedad,Tiempo,FechaLectura
1,26.8,52.9,1037,2025-10-29 13:58:42
2,27.1,51.3,1038,2025-10-29 13:58:42
3,27.0,51.3,1056,2025-10-29 13:58:42
1,26.8,52.9,3095,2025-10-29 13:58:44
2,27.1,51.3,3096,2025-10-29 13:58:44
3,27.0,51.5,3097,2025-10-29 13:58:44
SensorID,Temperatura,Humedad,Tiempo,FechaLectura
1,26.8,53.1,1037,2025-10-29 13:58:48
2,27.1,51.0,1038,2025-10-29 13:58:48
3,27.0,51.5,1056,2025-10-29 13:58:48
1,26.8,53.1,3095,2025-10-29 13:58:50
2,27.1,51.2,3096,2025-10-29 13:58:50
3,27.0,51.7,3097,2025-10-29 13:58:50
1,26.8,52.7,5130,2025-10-29 13:58:52
2,27.1,51.2,5131,2025-10-29 13:58:52
3,27.0,51.7,5131,2025-10-29 13:58:52
SensorID,Temperatura,Humedad,Tiempo,FechaLectura
1,26.8,52.6,7164,2025-10-29 13:58:54
2,27.1,51.0,7165,2025-10-29 13:58:54
3,27.0,51.6,7166,2025-10-29 13:58:54
1,26.8,52.6,9200,2025-10-29 13:58:56
2,27.1,51.1,9201,2025-10-29 13:58:56
3,27.0,51.6,9202,2025-10-29 13:58:56
1,26.8,52.6,11235,2025-10-29 13:58:58
2,27.1,51.1,11236,2025-10-29 13:58:58
3,27.0,51.6,11237,2025-10-29 13:58:58
1,26.8,52.6,13271,2025-10-29 13:59:00
2,27.0,51.1,13272,2025-10-29 13:59:00
3,27.0,51.5,13273,2025-10-29 13:59:00
1,26.8,52.6,15306,2025-10-29 13:59:02
2,27.1,51.3,15307,2025-10-29 13:59:02
3,27.0,51.6,15308,2025-10-29 13:59:02
1,26.8,52.8,17342,2025-10-29 13:59:04
2,27.1,51.3,17343,2025-10-29 13:59:04
3,27.0,51.5,17344,2025-10-29 13:59:04
1,26.8,52.8,19377,2025-10-29 13:59:06
2,27.0,51.4,19378,2025-10-29 13:59:06
3,27.0,51.5,19379,2025-10-29 13:59:06
1,26.8,52.8,21412,2025-10-29 13:59:08
2,27.0,51.6,21413,2025-10-29 13:59:08
3,26.9,51.5,21414,2025-10-29 13:59:09
1,26.8,52.7,23448,2025-10-29 13:59:11
2,27.0,51.6,23449,2025-10-29 13:59:11
3,26.9,51.4,23450,2025-10-29 13:59:11
1,26.8,52.7,25484,2025-10-29 13:59:13
2,27.1,51.2,25485,2025-10-29 13:59:13
3,26.9,51.4,25486,2025-10-29 13:59:13
1,26.8,52.7,27518,2025-10-29 13:59:15
2,27.1,51.5,27520,2025-10-29 13:59:15
3,26.9,51.6,27521,2025-10-29 13:59:15
1,26.8,53.0,29554,2025-10-29 13:59:17
2,27.1,51.5,29555,2025-10-29 13:59:17
3,26.9,51.4,29556,2025-10-29 13:59:17
SensorID,Temperatura,Humedad,Tiempo,FechaLectura
1,27.0,53.0,1037,2025-10-29 14:03:26
2,0.0,0.0,1038,2025-10-29 14:03:26
3,27.2,52.5,1053,2025-10-29 14:03:26
1,27.0,53.3,3092,2025-10-29 14:03:28
2,27.3,52.3,3093,2025-10-29 14:03:28
3,27.2,52.5,3093,2025-10-29 14:03:28
1,27.0,53.3,5127,2025-10-29 14:03:30
2,27.3,52.3,5127,2025-10-29 14:03:30
3,27.2,52.2,5128,2025-10-29 14:03:30
1,27.0,53.3,7161,2025-10-29 14:03:32
2,27.3,52.3,7162,2025-10-29 14:03:32
3,27.2,52.2,7163,2025-10-29 14:03:32
1,27.0,53.2,9197,2025-10-29 14:03:34
2,27.3,52.6,9198,2025-10-29 14:03:34
3,27.2,52.4,9199,2025-10-29 14:03:34
1,27.0,53.2,11232,2025-10-29 14:03:36
2,27.3,52.6,11233,2025-10-29 14:03:36
3,27.2,52.4,11234,2025-10-29 14:03:36
1,27.0,53.3,13267,2025-10-29 14:03:39
2,27.3,52.6,13268,2025-10-29 14:03:39
3,27.2,52.4,13270,2025-10-29 14:03:39
1,27.0,53.3,15303,2025-10-29 14:03:41
2,27.4,53.0,15304,2025-10-29 14:03:41
3,27.2,52.5,15305,2025-10-29 14:03:41
1,27.0,53.3,17338,2025-10-29 14:03:43
2,27.3,53.0,17339,2025-10-29 14:03:43
3,27.2,52.1,17340,2025-10-29 14:03:43
1,27.0,53.3,19373,2025-10-29 14:03:45
2,27.3,53.0,19374,2025-10-29 14:03:45
3,27.2,52.1,19375,2025-10-29 14:03:45
1,27.0,53.3,21408,2025-10-29 14:03:47
2,27.4,53.0,21409,2025-10-29 14:03:47
3,27.2,52.3,21410,2025-10-29 14:03:47
1,27.0,53.3,23444,2025-10-29 14:03:49
2,27.4,53.1,23445,2025-10-29 14:03:49
3,27.2,52.3,23446,2025-10-29 14:03:49
1,27.0,53.4,25479,2025-10-29 14:03:51
2,27.4,53.1,25480,2025-10-29 14:03:51
3,27.2,52.3,25481,2025-10-29 14:03:51
1,27.1,53.2,27513,2025-10-29 14:03:53
2,27.4,53.2,27514,2025-10-29 14:03:53
3,27.2,52.3,27515,2025-10-29 14:03:53
1,27.1,53.2,29549,2025-10-29 14:03:55
2,27.4,52.7,29550,2025-10-29 14:03:55
3,27.2,52.3,29551,2025-10-29 14:03:55
1,27.0,53.3,31584,2025-10-29 14:03:57
2,27.4,52.7,31585,2025-10-29 14:03:57
3,27.2,52.2,31586,2025-10-29 14:03:57
1,27.1,53.3,33618,2025-10-29 14:03:59
2,27.4,52.6,33619,2025-10-29 14:03:59
3,27.2,52.2,33619,2025-10-29 14:03:59
1,27.1,53.3,35653,2025-10-29 14:04:01
2,27.4,52.6,35654,2025-10-29 14:04:01
3,27.2,52.2,35655,2025-10-29 14:04:01
1,27.1,53.2,37688,2025-10-29 14:04:03
2,27.4,52.6,37689,2025-10-29 14:04:03
3,27.3,52.1,37690,2025-10-29 14:04:03
1,27.1,53.3,39723,2025-10-29 14:04:05
2,27.4,52.4,39724,2025-10-29 14:04:05
3,27.3,52.1,39725,2025-10-29 14:04:05
1,27.1,53.1,41757,2025-10-29 14:04:07
2,27.4,52.2,41757,2025-10-29 14:04:07
3,27.3,52.1,41758,2025-10-29 14:04:07
1,27.1,53.1,43792,2025-10-29 14:04:09
2,27.4,52.2,43793,2025-10-29 14:04:09
3,27.3,52.0,43794,2025-10-29 14:04:09
1,27.1,53.1,45827,2025-10-29 14:04:11
2,27.4,52.1,45828,2025-10-29 14:04:11
3,27.3,52.0,45828,2025-10-29 14:04:11
1,27.1,53.0,47861,2025-10-29 14:04:13
2,27.4,52.1,47861,2025-10-29 14:04:13
3,27.3,51.8,47862,2025-10-29 14:04:14
1,27.1,53.0,49896,2025-10-29 14:04:16
2,27.4,52.1,49897,2025-10-29 14:04:16
3,27.3,51.9,49898,2025-10-29 14:04:16
1,27.1,53.1,51931,2025-10-29 14:04:18
2,27.4,52.2,51932,2025-10-29 14:04:18
3,27.3,51.9,51932,2025-10-29 14:04:18
1,27.1,53.0,53964,2025-10-29 14:04:20
2,27.4,52.2,53965,2025-10-29 14:04:20
3,27.3,52.2,53966,2025-10-29 14:04:20
1,27.1,53.0,56000,2025-10-29 14:04:22
2,27.4,52.4,56001,2025-10-29 14:04:22
3,27.3,51.8,56002,2025-10-29 14:04:22
1,27.1,52.8,58036,2025-10-29 14:04:24
2,27.4,52.4,58037,2025-10-29 14:04:24
3,27.3,51.8,58038,2025-10-29 14:04:24
1,27.1,52.8,60070,2025-10-29 14:04:26
2,27.4,52.4,60070,2025-10-29 14:04:26
3,27.3,51.8,60071,2025-10-29 14:04:26
1,27.1,52.8,62104,2025-10-29 14:04:28
2,27.4,52.4,62105,2025-10-29 14:04:28
3,27.3,51.8,62106,2025-10-29 14:04:28
1,27.1,52.8,64140,2025-10-29 14:04:30
2,27.4,52.4,64141,2025-10-29 14:04:30
3,27.3,51.8,64142,2025-10-29 14:04:30
1,27.1,52.8,66176,2025-10-29 14:04:32
2,27.4,52.2,66177,2025-10-29 14:04:32
3,27.3,51.9,66178,2025-10-29 14:04:32
1,27.1,52.8,68210,2025-10-29 14:04:34
2,27.4,52.1,68210,2025-10-29 14:04:34
3,27.3,51.9,68211,2025-10-29 14:04:34
1,27.1,52.8,70245,2025-10-29 14:04:36
2,27.4,52.1,70246,2025-10-29 14:04:36
3,27.3,51.9,70247,2025-10-29 14:04:36
1,27.1,52.8,72281,2025-10-29 14:04:38
2,27.4,51.9,72282,2025-10-29 14:04:38
3,27.3,52.0,72283,2025-10-29 14:04:38
1,27.1,52.8,74316,2025-10-29 14:04:40
2,27.4,52.2,74317,2025-10-29 14:04:40
3,27.3,51.7,74318,2025-10-29 14:04:40
1,27.1,52.9,76350,2025-10-29 14:04:42
2,27.4,52.2,76351,2025-10-29 14:04:42
3,27.3,51.7,76352,2025-10-29 14:04:42
1,27.2,52.9,78386,2025-10-29 14:04:44
2,27.4,52.3,78387,2025-10-29 14:04:44
3,27.3,51.8,78388,2025-10-29 14:04:44
1,27.2,52.9,80421,2025-10-29 14:04:46
2,27.4,52.4,80422,2025-10-29 14:04:46
3,27.3,52.0,80423,2025-10-29 14:04:46
1,27.1,52.6,82457,2025-10-29 14:04:48
2,27.4,52.4,82458,2025-10-29 14:04:48
3,27.3,52.0,82459,2025-10-29 14:04:48
1,27.1,52.7,84491,2025-10-29 14:04:50
2,27.4,52.5,84492,2025-10-29 14:04:50
3,27.3,52.0,84493,2025-10-29 14:04:50
1,27.1,52.7,86526,2025-10-29 14:04:53
2,27.4,52.5,86528,2025-10-29 14:04:53
3,27.3,51.8,86529,2025-10-29 14:04:53
1,27.1,52.7,88562,2025-10-29 14:04:55
2,27.4,52.5,88563,2025-10-29 14:04:55
3,27.3,51.8,88564,2025-10-29 14:04:55
1,27.1,52.8,90598,2025-10-29 14:04:57
2,27.4,52.2,90599,2025-10-29 14:04:57
3,27.3,51.8,90600,2025-10-29 14:04:57
1,27.1,52.8,92633,2025-10-29 14:04:59
2,27.4,52.3,92634,2025-10-29 14:04:59
3,27.3,51.9,92635,2025-10-29 14:04:59
1,27.1,52.8,94668,2025-10-29 14:05:01
2,27.4,52.3,94669,2025-10-29 14:05:01
3,27.3,51.9,94670,2025-10-29 14:05:01
1,27.1,52.8,96704,2025-10-29 14:05:03
2,27.4,52.1,96705,2025-10-29 14:05:03
3,27.3,52.0,96706,2025-10-29 14:05:03
1,27.1,52.8,98740,2025-10-29 14:05:05
2,27.4,52.0,98741,2025-10-29 14:05:05
3,27.3,52.1,98742,2025-10-29 14:05:05
1,27.1,52.8,100774,2025-10-29 14:05:07
2,27.4,52.0,100775,2025-10-29 14:05:07
3,27.3,52.1,100776,2025-10-29 14:05:07
1,27.1,52.9,102810,2025-10-29 14:05:09
2,27.4,52.1,102811,2025-10-29 14:05:09
3,27.3,51.9,102812,2025-10-29 14:05:09
1,27.1,52.9,104846,2025-10-29 14:05:11
2,27.4,52.1,104847,2025-10-29 14:05:11
3,27.3,51.9,104848,2025-10-29 14:05:11
1,27.1,52.9,106882,2025-10-29 14:05:13
2,27.4,52.1,106883,2025-10-29 14:05:13
3,27.3,51.9,106884,2025-10-29 14:05:13
1,27.0,52.9,108916,2025-10-29 14:05:15
2,27.4,52.3,108917,2025-10-29 14:05:15
3,27.3,52.1,108918,2025-10-29 14:05:15
1,27.1,53.1,110951,2025-10-29 14:05:17
2,27.4,52.1,110952,2025-10-29 14:05:17
3,27.3,52.0,110953,2025-10-29 14:05:17
1,27.1,53.1,112986,2025-10-29 14:05:19
2,27.4,52.1,112987,2025-10-29 14:05:19
3,27.3,51.9,112988,2025-10-29 14:05:19
1,27.1,52.9,115020,2025-10-29 14:05:21
2,27.3,52.3,115021,2025-10-29 14:05:21
3,27.3,51.9,115022,2025-10-29 14:05:21
1,27.1,52.8,117055,2025-10-29 14:05:23
2,27.4,52.2,117056,2025-10-29 14:05:23
3,27.3,51.9,117057,2025-10-29 14:05:23
1,27.1,52.8,119091,2025-10-29 14:05:25
2,27.4,52.2,119092,2025-10-29 14:05:25
3,27.3,51.8,119093,2025-10-29 14:05:25
1,27.1,52.9,121126,2025-10-29 14:05:27
2,27.3,52.3,121127,2025-10-29 14:05:27
3,27.3,51.8,121128,2025-10-29 14:05:28
1,27.1,53.0,123162,2025-10-29 14:05:30
2,27.3,52.5,123163,2025-10-29 14:05:30
3,27.3,51.9,123164,2025-10-29 14:05:30
1,27.1,53.0,125197,2025-10-29 14:05:32
2,27.3,52.5,125197,2025-10-29 14:05:32
3,27.3,52.1,125198,2025-10-29 14:05:32
1,27.1,53.0,127230,2025-10-29 14:05:34
2,27.4,52.5,127232,2025-10-29 14:05:34
3,27.3,52.1,127233,2025-10-29 14:05:34
1,27.1,52.9,129265,2025-10-29 14:05:36
2,27.4,52.6,129266,2025-10-29 14:05:36
3,27.3,52.0,129267,2025-10-29 14:05:36
1,27.1,52.9,131301,2025-10-29 14:05:38
2,27.4,52.6,131301,2025-10-29 14:05:38
3,27.3,52.1,131302,2025-10-29 14:05:38
1,27.1,52.9,133336,2025-10-29 14:05:40
2,27.4,52.6,133337,2025-10-29 14:05:40
3,27.3,52.1,133338,2025-10-29 14:05:40
1,27.1,53.1,135371,2025-10-29 14:05:42
2,27.4,52.5,135372,2025-10-29 14:05:42
3,27.3,52.0,135373,2025-10-29 14:05:42
1,27.1,53.1,137407,2025-10-29 14:05:44
2,27.4,52.4,137408,2025-10-29 14:05:44
3,27.3,52.2,137409,2025-10-29 14:05:44
1,27.1,53.1,139443,2025-10-29 14:05:46
2,27.4,52.4,139444,2025-10-29 14:05:46
3,27.3,52.2,139445,2025-10-29 14:05:46
1,27.1,53.0,141476,2025-10-29 14:05:48
2,27.3,52.5,141477,2025-10-29 14:05:48
3,27.3,52.3,141478,2025-10-29 14:05:48
1,27.1,53.0,143511,2025-10-29 14:05:50
2,27.3,52.4,143512,2025-10-29 14:05:50
3,27.3,52.2,143513,2025-10-29 14:05:50
1,27.1,53.1,145546,2025-10-29 14:05:52
2,27.3,52.4,145547,2025-10-29 14:05:52
3,27.3,52.2,145548,2025-10-29 14:05:52
1,27.1,53.2,147580,2025-10-29 14:05:54
2,27.4,52.5,147581,2025-10-29 14:05:54
3,27.3,52.1,147582,2025-10-29 14:05:54
1,27.1,53.2,149616,2025-10-29 14:05:56
2,27.3,52.4,149617,2025-10-29 14:05:56
3,27.3,52.1,149618,2025-10-29 14:05:56
1,27.1,53.2,151652,2025-10-29 14:05:58
2,27.3,52.4,151653,2025-10-29 14:05:58
3,27.3,52.1,151654,2025-10-29 14:05:58
1,27.1,53.1,153688,2025-10-29 14:06:00
2,27.4,52.5,153689,2025-10-29 14:06:00
3,27.3,52.0,153690,2025-10-29 14:06:00
1,27.1,53.1,155723,2025-10-29 14:06:02
2,27.3,52.6,155724,2025-10-29 14:06:02
3,27.3,52.1,155725,2025-10-29 14:06:02
1,27.1,53.2,157757,2025-10-29 14:06:05
2,27.3,52.6,157758,2025-10-29 14:06:05
3,27.3,52.1,157759,2025-10-29 14:06:05
1,27.1,53.2,159793,2025-10-29 14:06:07
2,27.3,52.6,159794,2025-10-29 14:06:07
3,27.4,52.1,159795,2025-10-29 14:06:07
1,27.1,53.2,161827,2025-10-29 14:06:09
2,27.3,52.7,161828,2025-10-29 14:06:09
3,27.3,52.0,161829,2025-10-29 14:06:09
1,27.1,53.3,163862,2025-10-29 14:06:11
2,27.3,52.7,163863,2025-10-29 14:06:11
3,27.3,52.0,163864,2025-10-29 14:06:11
1,27.1,53.4,165898,2025-10-29 14:06:13
2,27.3,52.7,165899,2025-10-29 14:06:13
3,27.3,52.1,165900,2025-10-29 14:06:13
1,27.1,53.4,167932,2025-10-29 14:06:15
2,27.3,52.5,167933,2025-10-29 14:06:15
3,27.3,52.3,167934,2025-10-29 14:06:15
1,27.1,53.3,169967,2025-10-29 14:06:17
2,27.3,52.5,169968,2025-10-29 14:06:17
3,27.3,52.3,169969,2025-10-29 14:06:17
1,27.1,53.3,172002,2025-10-29 14:06:19
2,27.3,52.5,172003,2025-10-29 14:06:19
3,27.4,52.3,172004,2025-10-29 14:06:19
1,27.1,53.3,174036,2025-10-29 14:06:21
2,27.3,52.5,174038,2025-10-29 14:06:21
3,27.4,52.2,174039,2025-10-29 14:06:21
1,27.1,53.3,176072,2025-10-29 14:06:23
2,27.3,52.5,176073,2025-10-29 14:06:23
3,27.4,52.2,176074,2025-10-29 14:06:23
1,27.1,53.3,178108,2025-10-29 14:06:25
2,27.3,52.5,178109,2025-10-29 14:06:25
3,27.4,52.3,178110,2025-10-29 14:06:25
1,27.1,53.3,180144,2025-10-29 14:06:27
2,27.3,52.5,180145,2025-10-29 14:06:27
3,27.4,52.3,180146,2025-10-29 14:06:27
1,27.1,53.3,182178,2025-10-29 14:06:29
2,27.3,52.5,182179,2025-10-29 14:06:29
3,27.4,52.3,182180,2025-10-29 14:06:29
1,27.1,53.3,184213,2025-10-29 14:06:31
2,27.4,52.3,184214,2025-10-29 14:06:31
3,27.3,52.1,184215,2025-10-29 14:06:31
1,27.1,53.3,186248,2025-10-29 14:06:33
2,27.3,52.5,186249,2025-10-29 14:06:33
3,27.4,52.1,186250,2025-10-29 14:06:33
1,27.1,53.3,188282,2025-10-29 14:06:35
2,27.3,52.5,188283,2025-10-29 14:06:35
3,27.4,52.1,188284,2025-10-29 14:06:35
1,27.1,53.4,190317,2025-10-29 14:06:37
2,27.4,52.5,190318,2025-10-29 14:06:37
3,27.4,52.3,190319,2025-10-29 14:06:37
1,27.1,53.2,192353,2025-10-29 14:06:39
2,27.3,52.5,192354,2025-10-29 14:06:39
3,27.3,52.3,192355,2025-10-29 14:06:39
1,27.1,53.2,194388,2025-10-29 14:06:41
2,27.3,52.5,194390,2025-10-29 14:06:41
3,27.4,52.2,194391,2025-10-29 14:06:41
1,27.1,53.3,196424,2025-10-29 14:06:44
2,27.3,52.6,196425,2025-10-29 14:06:44
3,27.4,52.2,196426,2025-10-29 14:06:44
1,27.1,53.3,198459,2025-10-29 14:06:46
2,27.3,52.6,198460,2025-10-29 14:06:46
3,27.4,52.1,198460,2025-10-29 14:06:46
1,27.1,53.3,200494,2025-10-29 14:06:48
2,27.3,52.6,200494,2025-10-29 14:06:48
3,27.4,52.2,200495,2025-10-29 14:06:48
1,27.1,53.3,202528,2025-10-29 14:06:50
2,27.3,52.4,202529,2025-10-29 14:06:50
3,27.4,52.2,202529,2025-10-29 14:06:50
1,27.1,53.2,204563,2025-10-29 14:06:52
2,27.3,52.5,204564,2025-10-29 14:06:52
3,27.4,52.4,204564,2025-10-29 14:06:52
1,27.1,53.2,206598,2025-10-29 14:06:54
2,27.3,52.5,206599,2025-10-29 14:06:54
3,27.4,52.0,206600,2025-10-29 14:06:54
1,27.1,53.3,208633,2025-10-29 14:06:56
2,27.3,52.5,208634,2025-10-29 14:06:56
3,27.4,52.0,208635,2025-10-29 14:06:56
1,27.1,53.2,210669,2025-10-29 14:06:58
2,27.4,52.4,210670,2025-10-29 14:06:58
3,27.4,52.1,210671,2025-10-29 14:06:58
1,27.1,53.2,212705,2025-10-29 14:07:00
2,27.4,52.4,212706,2025-10-29 14:07:00
3,27.3,52.1,212707,2025-10-29 14:07:00
1,0.0,0.0,214739,2025-10-29 14:07:02
2,27.3,52.5,214740,2025-10-29 14:07:02
3,27.3,52.1,214742,2025-10-29 14:07:02
1,27.1,53.2,216773,2025-10-29 14:07:04
2,27.3,52.7,216774,2025-10-29 14:07:04
3,27.4,52.0,216775,2025-10-29 14:07:04
1,27.1,53.2,218808,2025-10-29 14:07:06
2,27.3,52.6,218809,2025-10-29 14:07:06
3,27.4,52.1,218810,2025-10-29 14:07:06
1,27.1,53.2,220843,2025-10-29 14:07:08
2,27.3,52.6,220844,2025-10-29 14:07:08
3,27.4,52.1,220845,2025-10-29 14:07:08
1,27.1,53.3,222878,2025-10-29 14:07:10
2,27.3,52.5,222879,2025-10-29 14:07:10
3,27.3,52.1,222880,2025-10-29 14:07:10
1,27.1,53.3,224913,2025-10-29 14:07:12
2,27.3,52.4,224914,2025-10-29 14:07:12
3,27.4,52.0,224915,2025-10-29 14:07:12
1,27.1,53.2,226948,2025-10-29 14:07:14
2,27.3,52.4,226949,2025-10-29 14:07:14
3,27.4,52.0,226950,2025-10-29 14:07:14
1,27.1,53.2,228982,2025-10-29 14:07:16
2,27.3,52.4,228983,2025-10-29 14:07:16
3,27.4,51.9,228984,2025-10-29 14:07:16
1,27.1,53.2,231017,2025-10-29 14:07:18
2,27.3,52.8,231018,2025-10-29 14:07:19
3,27.4,51.9,231019,2025-10-29 14:07:19
1,27.1,53.2,233053,2025-10-29 14:07:21
2,27.3,52.8,233054,2025-10-29 14:07:21
3,27.4,51.9,233055,2025-10-29 14:07:21
1,27.1,53.2,235088,2025-10-29 14:07:23
2,27.3,52.6,235089,2025-10-29 14:07:23
3,27.4,52.0,235090,2025-10-29 14:07:23
1,27.1,53.2,237124,2025-10-29 14:07:25
2,27.3,52.8,237125,2025-10-29 14:07:25
3,27.4,52.2,237126,2025-10-29 14:07:25
1,27.1,53.2,239159,2025-10-29 14:07:27
2,27.3,52.8,239160,2025-10-29 14:07:27
3,27.4,52.2,239161,2025-10-29 14:07:27
1,27.1,53.3,241193,2025-10-29 14:07:29
2,27.3,53.0,241195,2025-10-29 14:07:29
3,27.4,52.2,241196,2025-10-29 14:07:29
1,27.1,53.3,243228,2025-10-29 14:07:31
2,27.3,52.7,243229,2025-10-29 14:07:31
3,27.4,52.1,243230,2025-10-29 14:07:31
1,27.1,53.4,245263,2025-10-29 14:07:33
2,27.3,52.7,245264,2025-10-29 14:07:33
3,27.4,52.1,245265,2025-10-29 14:07:33
1,27.1,53.2,247298,2025-10-29 14:07:35
2,27.3,52.6,247299,2025-10-29 14:07:35
3,27.3,52.3,247300,2025-10-29 14:07:35
1,27.1,53.2,249333,2025-10-29 14:07:37
2,27.3,52.3,249334,2025-10-29 14:07:37
3,27.3,52.1,249335,2025-10-29 14:07:37
1,27.1,53.3,251369,2025-10-29 14:07:39
2,27.3,52.3,251370,2025-10-29 14:07:39
3,27.3,52.1,251371,2025-10-29 14:07:39
1,27.1,53.3,253405,2025-10-29 14:07:41
2,27.3,52.8,253406,2025-10-29 14:07:41
3,27.4,52.1,253407,2025-10-29 14:07:41
1,27.1,53.3,255439,2025-10-29 14:07:43
2,27.3,52.4,255440,2025-10-29 14:07:43
3,27.4,52.2,255440,2025-10-29 14:07:43
1,27.1,53.3,257474,2025-10-29 14:07:45
2,27.3,52.4,257475,2025-10-29 14:07:45
3,27.4,52.2,257475,2025-10-29 14:07:45
1,27.1,53.3,259509,2025-10-29 14:07:47
2,27.3,52.5,259510,2025-10-29 14:07:47
3,27.4,52.1,259510,2025-10-29 14:07:47
1,27.1,53.2,261543,2025-10-29 14:07:49
2,27.3,52.8,261543,2025-10-29 14:07:49
3,27.4,52.2,261544,2025-10-29 14:07:49
1,27.1,53.2,263578,2025-10-29 14:07:51
2,27.3,52.8,263579,2025-10-29 14:07:51
3,27.4,52.2,263580,2025-10-29 14:07:51
1,27.2,53.3,265614,2025-10-29 14:07:53
2,27.3,52.8,265615,2025-10-29 14:07:54
3,27.4,52.2,265616,2025-10-29 14:07:54
1,27.1,53.2,267650,2025-10-29 14:07:56
2,27.3,52.8,267651,2025-10-29 14:07:56
3,27.4,52.3,267652,2025-10-29 14:07:56
1,27.1,53.2,269685,2025-10-29 14:07:58
2,27.3,52.8,269686,2025-10-29 14:07:58
3,27.4,52.3,269687,2025-10-29 14:07:58
1,27.1,53.3,271720,2025-10-29 14:08:00
2,27.3,52.8,271720,2025-10-29 14:08:00
3,27.4,52.2,271721,2025-10-29 14:08:00
1,27.1,53.4,273754,2025-10-29 14:08:02
2,27.3,53.0,273755,2025-10-29 14:08:02
3,27.4,52.1,273756,2025-10-29 14:08:02
1,27.1,53.4,275788,2025-10-29 14:08:04
2,27.3,53.0,275789,2025-10-29 14:08:04
3,27.4,52.1,275790,2025-10-29 14:08:04
